"BehaviorSpace results (NetLogo 7.0.4)","Table version 2.0"
"Wolf Sheep Predation.nlogox"
"wolfsheep_final"
"05/25/2026 21:02:23:659 -0500"
"min-pxcor","max-pxcor","min-pycor","max-pycor"
"-25","25","-25","25"
"[run number]","initial-number-sheep","[step]","ticks"
"3","60","226","226"
"12","40","300","300"
"2","40","342","342"
"7","140","466","466"
"13","60","318","318"
"10","200","543","543"
"6","120","421","421"
"9","180","444","444"
"4","80","406","406"
"14","80","454","454"
"15","100","391","391"
"16","120","401","401"
"23","60","250","250"
"22","40","319","319"
"24","80","234","234"
"25","100","218","218"
"17","140","334","334"
"5","100","605","605"
"18","160","373","373"
"11","20","469","469"
"20","200","349","349"
"29","180","497","497"
"34","80","233","233"
"33","60","363","363"
"26","120","437","437"
"27","140","349","349"
"28","160","345","345"
"35","100","492","492"
"8","160","694","694"
"37","140","394","394"
"30","200","358","358"
"32","40","400","400"
"44","80","233","233"
"43","60","271","271"
"45","100","231","231"
"31","20","416","416"
"42","40","362","362"
"38","160","335","335"
"39","180","380","380"
"41","20","209","209"
"52","40","331","331"
"46","120","342","342"
"48","160","329","329"
"54","80","267","267"
"47","140","365","365"
"53","60","316","316"
"55","100","233","233"
"49","180","335","335"
"40","200","580","580"
"50","200","323","323"
"51","20","190","190"
"63","60","212","212"
"64","80","221","221"
"36","120","605","605"
"56","120","350","350"
"65","100","230","230"
"59","180","396","396"
"62","40","335","335"
"61","20","197","197"
"57","140","386","386"
"21","20","560","560"
"73","60","278","278"
"72","40","370","370"
"66","120","376","376"
"69","180","330","330"
"67","140","330","330"
"60","200","602","602"
"70","200","336","336"
"77","140","202","202"
"68","160","358","358"
"76","120","514","514"
"74","80","425","425"
"83","60","263","263"
"84","80","228","228"
"78","160","474","474"
"75","100","440","440"
"79","180","393","393"
"82","40","440","440"
"85","100","403","403"
"89","180","494","494"
"92","40","345","345"
"93","60","287","287"
"94","80","232","232"
"95","100","231","231"
"96","120","240","240"
"87","140","332","332"
"88","160","314","314"
"91","20","199","199"
"80","200","616","616"
"86","120","638","638"
"97","140","338","338"
"98","160","358","358"
"103","60","231","231"
"104","80","261","261"
"105","100","233","233"
"90","200","586","586"
"102","40","364","364"
"100","200","341","341"
"109","180","465","465"
"101","20","401","401"
"107","140","524","524"
"99","180","600","600"
"111","20","372","372"
"113","60","300","300"
"106","120","373","373"
"112","40","378","378"
"108","160","367","367"
"110","200","348","348"
"114","80","380","380"
"115","100","590","590"
"122","40","290","290"
"117","140","438","438"
"124","80","241","241"
"119","180","308","308"
"126","120","454","454"
"120","200","326","326"
"121","20","206","206"
"123","60","574","574"
"128","160","538","538"
"125","100","414","414"
"132","40","285","285"
"118","160","635","635"
"133","60","247","247"
"134","80","214","214"
"130","200","348","348"
"131","20","222","222"
"136","120","407","407"
"135","100","667","667"
"140","200","178","178"
"129","180","590","590"
"142","40","348","348"
"137","140","345","345"
"138","160","337","337"
"143","60","298","298"
"141","20","414","414"
"139","180","354","354"
"144","80","599","599"
"146","120","543","543"
"147","140","523","523"
"149","180","378","378"
"152","40","303","303"
"153","60","288","288"
"154","80","240","240"
"155","100","243","243"
"148","160","335","335"
"150","200","339","339"
"151","20","193","193"
"156","120","421","421"
"160","200","179","179"
"157","140","351","351"
"158","160","592","592"
"163","60","246","246"
"164","80","234","234"
"165","100","216","216"
"162","40","340","340"
"159","180","322","322"
"161","20","197","197"
"166","120","364","364"
"168","160","358","358"
"167","140","373","373"
"169","180","539","539"
"173","60","272","272"
"172","40","302","302"
"174","80","222","222"
"116","120","687","687"
"171","20","402","402"
"177","140","471","471"
"176","120","348","348"
"175","100","420","420"
"178","160","359","359"
"182","40","295","295"
"179","180","359","359"
"183","60","344","344"
"184","80","239","239"
"185","100","213","213"
"186","120","232","232"
"170","200","604","604"
"181","20","191","191"
"189","180","478","478"
"188","160","569","569"
"187","140","350","350"
"193","60","234","234"
"191","20","411","411"
"192","40","380","380"
"190","200","574","574"
"196","120","564","564"
"194","80","412","412"
"195","100","330","330"
"197","140","341","341"
"200","200","511","511"
"202","40","288","288"
"201","20","204","204"
"203","60","456","456"
"204","80","282","282"
"199","180","589","589"
"205","100","434","434"
"206","120","423","423"
"208","160","394","394"
"210","200","340","340"
"198","160","685","685"
"207","140","648","648"
"213","60","252","252"
"211","20","199","199"
"214","80","240","240"
"212","40","400","400"
"217","140","512","512"
"218","160","405","405"
"215","100","376","376"
"216","120","368","368"
"221","20","358","358"
"219","180","503","503"
"223","60","229","229"
"222","40","322","322"
"225","100","245","245"
"220","200","337","337"
"224","80","450","450"
"227","140","348","348"
"226","120","630","630"
"230","200","172","172"
"228","160","334","334"
"1","20","214","214"
"229","180","377","377"
"231","20","190","190"
"232","40","425","425"
"145","100","724","724"
"237","140","214","214"
"234","80","430","430"
"239","180","448","448"
"238","160","570","570"
"235","100","390","390"
"236","120","380","380"
"242","40","303","303"
"243","60","220","220"
"127","140","732","732"
"241","20","451","451"
"246","120","543","543"
"248","160","202","202"
"244","80","453","453"
"247","140","618","618"
"250","200","420","420"
"251","20","202","202"
"253","60","289","289"
"245","100","664","664"
"254","80","457","457"
"252","40","187","187"
"256","120","193","193"
"255","100","408","408"
"209","180","670","670"
"257","140","369","369"
"249","180","700","700"
"261","20","386","386"
"259","180","562","562"
"262","40","315","315"
"263","60","265","265"
"265","100","206","206"
"260","200","363","363"
"240","200","650","650"
"266","120","502","502"
"268","160","515","515"
"264","80","377","377"
"258","160","632","632"
"273","60","259","259"
"274","80","249","249"
"272","40","367","367"
"269","180","413","413"
"270","200","364","364"
"278","160","202","202"
"267","140","570","570"
"275","100","375","375"
"276","120","398","398"
"281","20","360","360"
"277","140","359","359"
"284","80","260","260"
"282","40","341","341"
"283","60","353","353"
"279","180","572","572"
"285","100","348","348"
"287","140","386","386"
"290","200","182","182"
"233","60","233","233"
"288","160","351","351"
"293","60","318","318"
"294","80","598","598"
"291","20","195","195"
"289","180","352","352"
"295","100","227","227"
"298","160","210","210"
"297","140","486","486"
"296","120","484","484"
"299","180","542","542"
"300","200","352","352"
"286","120","657","657"
"180","200","731","731"
"280","200","688","688"
"292","40","314","314"
"81","20","604","604"
